name,type,value,elementId
Fixed Fee Item: ID,attribute,3980,NA
Fixed Fee Item: Taxable,attribute,3982,NA
User: Name,attribute,3984,NA
User: Default Role,attribute,3988,NA
User: Account ID,attribute,3991,NA
User: Permission,attribute,3993,NA
Task Tag: ID,attribute,3995,NA
Task Tag: Name,attribute,3997,NA
Task Status Change: ID,attribute,3999,NA
Task Status Change: Status,attribute,4001,NA
Invoice: Number,attribute,4003,NA
Invoice: Recipient,attribute,4006,NA
Invoice: Sender,attribute,4009,NA
Invoice: Payment Status,attribute,4012,NA
Invoice: Term,attribute,4014,NA
Project: Name,attribute,4016,NA
Project: Archived,attribute,4020,NA
Project: Description,attribute,4022,NA
Project: Budgeted,attribute,4024,NA
Project: Rate Card ID,attribute,4026,NA
Project: Account ID,attribute,4028,NA
Project: Over Budget,attribute,4030,NA
Project: Budget Used,attribute,4032,NA
Project: Provider Lead,attribute,4034,NA
Project: Client Lead,attribute,4037,NA
Project: Current Status Color,attribute,4040,NA
Project: Current Status Message,attribute,4042,NA
ͺRecords of User Fact,attribute,4044,NA
Task Assignment: ID,attribute,4045,NA
Task Assignment: Current,attribute,4047,NA
Project Status Change: ID,attribute,4049,NA
Project Status Change: From Color,attribute,4051,NA
Project Status Change: To Color,attribute,4053,NA
Project Status Change: From Message,attribute,4055,NA
Project Status Change: To Message,attribute,4057,NA
ͺRecords of Task Fact,attribute,4059,NA
ͺRecords of Assignment Fact,attribute,4060,NA
Role: Name,attribute,4061,NA
Time Entry: ID,attribute,4064,NA
Time Entry: Billable,attribute,4066,NA
Time Entry: Submission ID,attribute,4068,NA
Time Entry: Approved,attribute,4070,NA
Time Entry: Requires Approval,attribute,4072,NA
ͺRecords of Invoice Project,attribute,4074,NA
ͺRecords of Legacy Snapshot,attribute,4075,NA
Project Participation: ID,attribute,4076,NA
Project Participation: Team Lead,attribute,4078,NA
Project Participation: Account ID,attribute,4080,NA
Project Participation: Team,attribute,4082,NA
Resource Schedule Day: ID,attribute,4084,NA
Additional Item: Name,attribute,4086,NA
Currency,attribute,4088,NA
Currency: Symbol,attribute,4090,NA
ͺRecords of Project Fact,attribute,4092,NA
ͺProject to Group ID,attribute,4093,NA
Task: Name,attribute,4100,NA
Task: Type,attribute,4104,NA
Task: Status Type,attribute,4106,NA
Task: Archived,attribute,4108,NA
Task: Overdue,attribute,4110,NA
Task: Late Start,attribute,4112,NA
Task: Billable,attribute,4114,NA
Task: Fixed Fee,attribute,4116,NA
Task: Parent,attribute,4118,NA
Expense: ID,attribute,4121,NA
Expense: Category,attribute,4123,NA
Expense: Billable,attribute,4125,NA
Expense: Submission ID,attribute,4127,NA
Expense: Approval Flag,attribute,4129,NA
Expense: Requires Approval,attribute,4131,NA
Expense: Taxable,attribute,11853,NA
Time Entry: Taxable,attribute,11855,NA
Additional Item: Taxable,attribute,11857,NA
ͺGroup Custom Field,attribute,18431,NA
ͺUser Custom Fields: ID,attribute,18433,NA
ͺProject Custom Field ID,attribute,18435,NA
ͺTask Custom Fields: ID,attribute,18437,NA
Group: Name,attribute,20189,NA
Group: Company,attribute,20192,NA
ͺRecords of Task Custom Fields Fact,attribute,20264,NA
ͺRecords of User Custom Fields Fact,attribute,20265,NA
ͺRecords of Group Custom Fields Fact,attribute,20266,NA
ͺRecords of Project Custom Fields Fact,attribute,20267,NA
ͺSystem: Login,attribute,21489,NA
ͺOrganization Pair ID,attribute,21491,NA
ͺOrganization: Geography,attribute,21493,NA
ͺOrganization: Department,attribute,21497,NA
ͺSystem: Project Access ID,attribute,21501,NA
ͺSystem: Invoice Access ID,attribute,21503,NA
ͺOrganization Pair to Project ID,attribute,21505,NA
ͺSystem: Task Access ID,attribute,21507,NA
Project: ID,attribute,29363,NA
ͺOrganization Pair to User ID,attribute,61987,NA
Time Entry: Notes,attribute,62377,NA
Expense: Note,attribute,62379,NA
ͺRecords of User Workday,attribute,66221,NA
Time Entry: Status,attribute,66222,NA
Time Entry: Status Note,attribute,66224,NA
Task: Priority,attribute,66226,NA
Task: Description,attribute,66228,NA
Task: Top Level,attribute,66230,NA
Invoice: Project Code,attribute,66233,NA
Invoice: Purchase Order,attribute,66235,NA
Invoice: Title,attribute,66237,NA
Expense: Status,attribute,66239,NA
Expense: Status Note,attribute,66241,NA
User: Manager Name,attribute,66305,NA
Project: Requires Expense Approvals,attribute,66404,NA
Project: Requires Time Approvals,attribute,66406,NA
Project: Title Aggregate,attribute,66408,NA
Task: ID,attribute,66410,NA
Task: Title Aggregate,attribute,66412,NA
Task: Creator,attribute,66414,NA
User: ID,attribute,66416,NA
User: Full Name Aggregate,attribute,66418,NA
Invoice: Note,attribute,66420,NA
ͺRecords of User Planned Workday,attribute,66422,NA
User Skill: ID,attribute,67834,NA
User Skill: Level,attribute,67836,NA
User Skill: Max Level,attribute,67838,NA
User Skill: Name,attribute,67840,NA
User Skill: Type,attribute,67842,NA
User Skill: Creator,attribute,67844,NA
ͺUser Skill: Schedule ID,attribute,67846,NA
Expense: Last Action By,attribute,67848,NA
Time Entry: Last Action By,attribute,67850,NA
Account Skill: ID,attribute,67852,NA
Account Skill: Description,attribute,67854,NA
Account Skill: Max Level,attribute,67856,NA
Account Skill: Name,attribute,67858,NA
Account Skill: Type,attribute,67860,NA
ͺRecords of User Skill Workday,attribute,67862,NA
Project: Billable Default,attribute,68328,NA
Project: Billing Mode Default,attribute,68330,NA
Project: Rate Card Name,attribute,68332,NA
Project: Client Name,attribute,68334,NA
ͺOrganization: Department Parent Name,attribute,69594,NA
ͺOrganization: Geography Parent Name,attribute,69596,NA
ͺScheduled Org: User ID,attribute,70113,NA
ͺTask Org: ID,attribute,70115,NA
ͺTime Entry Org: User ID,attribute,70117,NA
ͺWorkday Org: User ID,attribute,70119,NA
Task Active Day: ID,attribute,70184,NA
ͺExternal: Reference ID,attribute,70762,NA
ͺExternal: Integration Service,attribute,70764,NA
ͺExternal: Object,attribute,70766,NA
ͺExternal: ID,attribute,70768,NA
ͺExternal: Integration Status,attribute,70770,NA
ͺExternal: Link,attribute,70772,NA
ͺTime Entry External: Reference ID,attribute,70774,NA
ͺTime Entry: Has External References,attribute,70776,NA
User: Email,attribute,71362,NA
User: Job Title,attribute,71364,NA
Group: Client Contact Name,attribute,71366,NA
Group: Client Address,attribute,71368,NA
Group: Client Phone Number,attribute,71370,NA
Group: Client Email,attribute,71372,NA
Group: Client Website,attribute,71374,NA
Project: Include Expenses in Budget,attribute,71376,NA
Project: Estimate Scenario Used,attribute,71731,NA
Estimate Scenario: Name,attribute,71734,NA
Estimate Scenario: Title,attribute,71738,NA
Estimate: ID,attribute,71740,NA
Estimate: Title,attribute,71742,NA
Estimate: Client Name,attribute,71744,NA
Estimate Scenario: Favored,attribute,71746,NA
Estimate: Currency,attribute,71748,NA
Estimate Scenario: Project,attribute,71750,NA
Estimate: Locked,attribute,71753,NA
Resource: Title,attribute,71755,NA
Resource: Title Aggregate,attribute,71758,NA
Resource: Project Title,attribute,71760,NA
Resource: Default Role Title,attribute,71762,NA
Resource Allocation Day: ID,attribute,71764,NA
Resource Allocation Day: Type,attribute,71766,NA
Project Health: Report Type ID,attribute,72017,NA
Project Health: Report ID,attribute,72019,NA
Project Health: Type,attribute,72021,NA
Project Health: Color,attribute,72023,NA
Project Health: Description,attribute,72025,NA
ͺExpense External: Reference ID,attribute,72969,NA
ͺExpense External: Integration Service,attribute,72971,NA
ͺExpense External: Object,attribute,72973,NA
ͺExpense External: ID,attribute,72975,NA
ͺExpense External: Integration Status,attribute,72977,NA
ͺExpense External: Link,attribute,72979,NA
ͺExpense External: Message,attribute,72981,NA
ͺTime Entry External: Integration Service,attribute,73625,NA
ͺTime Entry External: Object,attribute,73627,NA
ͺTime Entry External: ID,attribute,73629,NA
ͺTime Entry External: Integration Status,attribute,73631,NA
ͺTime Entry External: Link,attribute,73633,NA
ͺTime Entry External: Message,attribute,73635,NA
Expense: Vendor,attribute,73793,NA
Expense: Team Member Reimburseable,attribute,73795,NA
Task Assignment: Resource Name,attribute,73826,NA
ͺTime Adjustment: ID,attribute,74612,NA
ͺTime Adjustment: Creator Name,attribute,74614,NA
ͺTime Adjustment: Billable,attribute,74616,NA
ͺTime Adjustment: Notes,attribute,74618,NA
ͺAudit: ID,attribute,75039,NA
ͺAudit: Transaction ID,attribute,75041,NA
ͺAudit: User ID,attribute,75043,NA
ͺAudit: User Name,attribute,75045,NA
ͺAudit: Action Type,attribute,75047,NA
ͺAudit: Record Name,attribute,75049,NA
ͺAudit: Record ID,attribute,75051,NA
ͺAudit: Record Type,attribute,75053,NA
ͺAudit: Record Project Name,attribute,75055,NA
ͺAudit: Field,attribute,75057,NA
ͺAudit: Previous Value,attribute,75059,NA
ͺAudit: Value,attribute,75061,NA
ͺAudit: Transaction Datetime,attribute,75063,NA
ͺAudit: Transaction Hour,attribute,75065,NA
Project: Color Name,attribute,75243,NA
Time Entry Location: Name,attribute,75274,NA
Time Entry Location: Name Aggregate,attribute,75277,NA
Time Entry Location: Archived,attribute,75279,NA
Estimate Scenario: Rate Card,attribute,79451,NA
Estimate: Creator,attribute,79453,NA
Resource: Geography,attribute,79455,NA
Resource: Type,attribute,79457,NA
Estimate: Opportunity Confidence,attribute,79476,NA
ͺLegacy SRVY Template: External Reference ID,attribute,80200,NA
ͺLegacy SRVY Template: Integration Service,attribute,80202,NA
ͺLegacy SRVY Template: External Object,attribute,80204,NA
ͺLegacy SRVY Template: External ID,attribute,80206,NA
ͺLegacy SRVY Template: Integration Status,attribute,80208,NA
ͺLegacy SRVY Template: External Link,attribute,80210,NA
ͺLegacy SRVY Template: External Message,attribute,80212,NA
ͺLegacy SRVY Template: Locked,attribute,80214,NA
ͺLegacy SRVY Template: External Status,attribute,80216,NA
ͺLegacy SRVY User: ID,attribute,80219,NA
ͺLegacy SRVY User: Subject Name,attribute,80221,NA
ͺLegacy SRVY User: Owner ID,attribute,80223,NA
ͺLegacy SRVY User: Owner Name,attribute,80226,NA
ͺLegacy SRVY User: Status,attribute,80228,NA
ͺLegacy SRVY User: Question Text,attribute,80230,NA
ͺLegacy SRVY User: Answer Text,attribute,80232,NA
ͺLegacy SRVY User: Choice Text,attribute,80234,NA
ͺLegacy SRVY User: Choice Selected,attribute,80236,NA
ͺLegacy SRVY User: Respondent ID,attribute,80238,NA
ͺLegacy SRVY User: Respondent Name,attribute,80241,NA
ͺLegacy SRVY User: Response ID,attribute,80243,NA
ͺLegacy SRVY User: Template ID,attribute,80245,NA
ͺLegacy SRVY User: Question ID,attribute,80247,NA
ͺLegacy SRVY User: Answer ID,attribute,80249,NA
ͺLegacy SRVY User: Answered,attribute,80251,NA
ͺLegacy SRVY Task: ID,attribute,80307,NA
ͺLegacy SRVY Task: Subject Name,attribute,80309,NA
ͺLegacy SRVY Task: Owner ID,attribute,80311,NA
ͺLegacy SRVY Task: Owner Name,attribute,80314,NA
ͺLegacy SRVY Task: Status,attribute,80316,NA
ͺLegacy SRVY Task: Question Text,attribute,80318,NA
ͺLegacy SRVY Task: Answer Text,attribute,80320,NA
ͺLegacy SRVY Task: Choice Text,attribute,80322,NA
ͺLegacy SRVY Task: Choice Selected,attribute,80324,NA
ͺLegacy SRVY Task: Respondent ID,attribute,80326,NA
ͺLegacy SRVY Task: Respondent Name,attribute,80329,NA
ͺLegacy SRVY Task: Response ID,attribute,80331,NA
ͺLegacy SRVY Task: Template ID,attribute,80333,NA
ͺLegacy SRVY Task: Question ID,attribute,80335,NA
ͺLegacy SRVY Task: Answer ID,attribute,80337,NA
ͺLegacy SRVY Task: Answered,attribute,80339,NA
ͺLegacy SRVY Project: ID,attribute,80341,NA
ͺLegacy SRVY Project: Subject Name,attribute,80343,NA
ͺLegacy SRVY Project: Owner ID,attribute,80345,NA
ͺLegacy SRVY Project: Owner Name,attribute,80348,NA
ͺLegacy SRVY Project: Status,attribute,80350,NA
ͺLegacy SRVY Project: Question Text,attribute,80352,NA
ͺLegacy SRVY Project: Answer Text,attribute,80354,NA
ͺLegacy SRVY Project: Choice Text,attribute,80356,NA
ͺLegacy SRVY Project: Choice Selected,attribute,80358,NA
ͺLegacy SRVY Project: Respondent ID,attribute,80360,NA
ͺLegacy SRVY Project: Respondent Name,attribute,80363,NA
ͺLegacy SRVY Project: Response ID,attribute,80365,NA
ͺLegacy SRVY Project: Template ID,attribute,80367,NA
ͺLegacy SRVY Project: Question ID,attribute,80369,NA
ͺLegacy SRVY Project: Answer ID,attribute,80371,NA
ͺLegacy SRVY Project: Answered,attribute,80373,NA
ͺLegacy SRVY Project: Project ID,attribute,80375,NA
ͺLegacy SRVY Project: Project Name,attribute,80377,NA
Additional Item: Description Aggregate,attribute,80542,NA
ͺResource Allocation Day: Note,attribute,80560,NA
ͺRecords of Resource Custom Fields Fact,attribute,80604,NA
ͺRecords of Estimate Scenario Custom Fields Fact,attribute,80606,NA
ͺResource Custom Fields: ID,attribute,80608,NA
ͺEstimate Scenario Custom Fields: ID,attribute,80611,NA
Dynamic Input: Boolean A,attribute,80723,NA
Dynamic Input: Option,attribute,80729,NA
Dynamic Input: Boolean B,attribute,80732,NA
Time Entry: Type,attribute,80750,NA
Client Name,attribute,82162,NA
Client Name Estimate,attribute,82164,NA
ͺTask: Cost Budget Exchange Rate Source,attribute,101866,NA
ͺTask: Cost Budget Source Currency,attribute,101868,NA
Product Type,attribute,121262,NA
Expense: Source Currency,attribute,186734,NA
Expense: Exchange Rate Source,attribute,186736,NA
Office Resource,attribute,607447,NA
Office,attribute,607449,NA
ͺInvoice External: Reference ID,attribute,837381,NA
ͺInvoice External: Integration Service,attribute,837383,NA
ͺInvoice External: Object,attribute,837385,NA
ͺInvoice External: ID,attribute,837387,NA
ͺInvoice External: Integration Status,attribute,837389,NA
ͺInvoice External: Link,attribute,837391,NA
ͺInvoice External: Message,attribute,837393,NA
FX: Day ID,attribute,936253,NA
FX: Table Name,attribute,936255,NA
FX: ID,attribute,936257,NA
FX: Source Currency,attribute,936259,NA
FX: Target Currency,attribute,936261,NA
FX: Account Default,attribute,936263,NA
Resource Skill: ID,attribute,1812377,NA
Resource Skill: Creator Name,attribute,1812379,NA
Resource Skill: Level,attribute,1812381,NA
Resource Skill: Max Level,attribute,1812383,NA
Resource Skill: Name,attribute,1812385,NA
Resource Skill: Type,attribute,1812387,NA
Department: User ID,attribute,1850475,NA
Department: User L1,attribute,1850477,NA
Department: User L2,attribute,1850479,NA
Department: User L3,attribute,1850481,NA
Department: User L4,attribute,1850483,NA
Department: User L5,attribute,1850485,NA
Department: User L6,attribute,1850487,NA
Department: User L7,attribute,1850489,NA
Department: User L8,attribute,1850491,NA
Geography: User ID,attribute,1895564,NA
Geography: User L1,attribute,1895568,NA
Geography: User L2,attribute,1895570,NA
Geography: User L3,attribute,1895572,NA
Geography: User L4,attribute,1895574,NA
Geography: User L5,attribute,1895576,NA
Geography: User L6,attribute,1895578,NA
Geography: User L7,attribute,1895580,NA
Geography: User L8,attribute,1895582,NA
Fee Structure,attribute,1896659,NA
Invoice Number,attribute,2010458,NA
Department: Project ID,attribute,2109050,NA
Department: Project L1,attribute,2109052,NA
Department: Project L2,attribute,2109054,NA
Department: Project L3,attribute,2109056,NA
Department: Project L4,attribute,2109058,NA
Department: Project L5,attribute,2109060,NA
Department: Project L6,attribute,2109062,NA
Department: Project L7,attribute,2109064,NA
Department: Project L8,attribute,2109066,NA
Geography: Project ID,attribute,2109068,NA
Geography: Project L1,attribute,2109070,NA
Geography: Project L2,attribute,2109072,NA
Geography: Project L3,attribute,2109074,NA
Geography: Project L4,attribute,2109076,NA
Geography: Project L5,attribute,2109078,NA
Geography: Project L6,attribute,2109080,NA
Geography: Project L7,attribute,2109082,NA
Geography: Project L8,attribute,2109084,NA
Client Email,attribute,2332984,NA
Project Accounting: ID,attribute,2335380,NA
Project Accounting: Description,attribute,2335382,NA
Project Accounting: Labor Type,attribute,2335384,NA
Project Accounting: Notes,attribute,2335386,NA
Project Accounting: Service Type,attribute,2335388,NA
Project Accounting: Status,attribute,2335390,NA
Project Accounting: Type,attribute,2335392,NA
Project Active Day: ID,attribute,2564693,NA
Project: Revenue Recognition Method,attribute,3426450,NA
Dynamic Input: EAC Method,attribute,3482464,NA
Revenue Type,attribute,3523084,NA
Dynamic Input: Revenue Source,attribute,3578138,NA
Dynamic Input: Forecast Source,attribute,3689567,NA
ͺStaffing Demand Skill: ID,attribute,6102290,NA
ͺStaffing Demand Skill: Creator Name,attribute,6102292,NA
ͺStaffing Demand Skill: Level,attribute,6102294,NA
ͺStaffing Demand Skill: Max Level,attribute,6102296,NA
ͺStaffing Demand Skill: Name,attribute,6102298,NA
ͺStaffing Demand Skill: Type,attribute,6102300,NA
ͺCandidate Demand Day: ID,attribute,6102303,NA
ͺCandidate Demand Day: Status,attribute,6102305,NA
ͺCandidate: ID,attribute,6102308,NA
ͺCandidate: Status,attribute,6102310,NA
ͺCandidate Custom Fields: ID,attribute,6102313,NA
ͺStaffing Demand Custom Fields: ID,attribute,6102316,NA
ͺRecords of Staffing Demand Custom Fields Fact,attribute,6102319,NA
ͺStaffing Demand: Day ID,attribute,6102321,NA
ͺStaffing Demand Day: Status,attribute,6102323,NA
ͺStaffing Demand,attribute,6102326,NA
ͺStaffing Demand: Title,attribute,6102329,NA
ͺStaffing Demand: Status,attribute,6102331,NA
ͺRecords of Candidate Custom Fields Fact,attribute,6102334,NA
User: Classification,attribute,6851955,NA
Project Office,attribute,6898634,NA
ͺTask: Order Position Task ID,attribute,7024848,NA
ͺTask: Order Position,attribute,7024850,NA
ͺTask: Level,attribute,7024852,NA
Service,attribute,7720181,NA
Project: Primary Group,attribute,8018358,NA
Department Resource,attribute,9296617,NA
Department,attribute,9296619,NA
Invoice: Submission Status,attribute,10435404,NA
Project: Currency,attribute,10435449,NA
Fixed Fee Item: Notes,attribute,10452622,NA
User: Manager ID,attribute,10471042,NA
Resource: Name Aggregate,attribute,10500943,NA
ͺDefault Workday: Day ID,attribute,10526431,NA
User: Status,attribute,10590139,NA
Project: Stage,attribute,10590141,NA
Task: Top Level Title Aggregate,attribute,10590143,NA
Subsidiary - User,attribute,10624398,NA
PO,attribute,10624400,NA
Subsidiary - Project,attribute,10624402,NA
Project: Include Additional Invoice Items in Budget,attribute,10666113,NA
Project Participation: User ID,attribute,10678762,NA
User Management: ID,attribute,10689277,NA
Task: Task or To Do,attribute,10690006,NA
User Management: Level,attribute,10708427,NA
User Management: L1 Name,attribute,10708429,NA
User Management: L2 Name,attribute,10708432,NA
User Management: L3 Name,attribute,10708435,NA
User Management: L4 Name,attribute,10708438,NA
User Management: L5 Name,attribute,10708441,NA
User Management: L6 Name,attribute,10708444,NA
User Management: L7 Name,attribute,10708447,NA
User Management: L8 Name,attribute,10708450,NA
User Management: L9 Name,attribute,10708453,NA
User Management: L10 Name,attribute,10708456,NA
Rework,attribute,10777895,NA
Module,attribute,10793247,NA
Resource Request: ID,attribute,10812418,NA
Resource Request: Status,attribute,10812420,NA
Resource Request: Approver Name,attribute,10812422,NA
Allocation: ID,attribute,10812425,NA
Allocation: Type,attribute,10812427,NA
Allocation: Notes,attribute,10812429,NA
Snapshot: Name,attribute,10828936,NA
Snapshot: Creator,attribute,10828939,NA
Snapshot: Title Aggregate,attribute,10828942,NA
Snapshot: Description,attribute,10828944,NA
Snapshot: Baseline,attribute,10828946,NA
Snapshot: Assignment ID,attribute,10833668,NA
Snapshot: Resource Name,attribute,10833670,NA
Snapshot: Resource Title Aggregate,attribute,10833673,NA
Snapshot: Task Name,attribute,10833675,NA
Snapshot: Task Status,attribute,10833678,NA
Snapshot: Task Title Aggregate,attribute,10833680,NA
Snapshot: Task Description,attribute,10833682,NA
Snapshot: Task Type,attribute,10833684,NA
Snapshot: Task Billable,attribute,10833686,NA
Snapshot: Task Priority,attribute,10833688,NA
Snapshot: Task Archived,attribute,10833690,NA
Snapshot: Task Percentage Complete,attribute,10833692,NA
Snapshot: Task WBS Number,attribute,10833694,NA
SKU Code,attribute,10884394,NA
Task: Status,attribute,10890741,NA
Snapshot: Project Status Message,attribute,10890743,NA
Snapshot: Project Status Color,attribute,10890745,NA
Expense Budget: Name,attribute,11024733,NA
Expense Budget: Description,attribute,11024736,NA
Expense Budget: Billable,attribute,11024738,NA
Expense Budget: Burns Budget,attribute,11024740,NA
Expense Budget: Fixed Fee,attribute,11024742,NA
Expense Budget: Markup Type,attribute,11024744,NA
Expense Budget: Creator,attribute,11024746,NA
RAID,attribute,11049336,NA
false,attribute value,3982,8931
Ashley Angle,attribute value,3984,1903981
Benny Batts,attribute value,3984,1903948
Client Demo | Hope,attribute value,3984,2327981
Client Demo 1,attribute value,3984,2273901
Client Demo 3,attribute value,3984,2145997
Client Demo 4,attribute value,3984,2133281
Client Demo 5,attribute value,3984,2121754
Grace Reed,attribute value,3984,1903973
Gus Cumberlander,attribute value,3984,1903957
Jenn Johnson,attribute value,3984,1903937
Katie Taylor,attribute value,3984,1903953
Kenny Lotton,attribute value,3984,1903965
Lane Cabrera,attribute value,3984,2172956
Meredith Bolton,attribute value,3984,1903969
NA,attribute value,3984,8911
Sam Parker,attribute value,3984,1903930
Sarah Sharpe,attribute value,3984,1903961
Test,attribute value,3984,2405402
Thomas Woodwind,attribute value,3984,1903977
Tom Fordy,attribute value,3984,1903943
12671385,attribute value,3984,1903930
12672155,attribute value,3984,1903937
12672165,attribute value,3984,1903943
12672175,attribute value,3984,1903948
12672185,attribute value,3984,1903953
12672195,attribute value,3984,1903957
12672205,attribute value,3984,1903961
12672215,attribute value,3984,1903965
12672225,attribute value,3984,1903969
12672235,attribute value,3984,1903973
12672245,attribute value,3984,1903977
12672255,attribute value,3984,1903981
18387805,attribute value,3984,2121754
18589755,attribute value,3984,2133281
18624618,attribute value,3984,2145997
18643444,attribute value,3984,2172956
18722264,attribute value,3984,2273901
18774025,attribute value,3984,2327981
18869907,attribute value,3984,2405402
NA,attribute value,3984,8911
,attribute value,3984,8911
https://app.mavenlink.com/images/default_profile_photo/default.png,attribute value,3984,2121754
https://app.mavenlink.com/images/default_profile_photo/default.png,attribute value,3984,2133281
https://app.mavenlink.com/images/default_profile_photo/default.png,attribute value,3984,2145997
https://app.mavenlink.com/images/default_profile_photo/default.png,attribute value,3984,2273901
https://app.mavenlink.com/images/default_profile_photo/default.png,attribute value,3984,2327981
https://app.mavenlink.com/images/default_profile_photo/default.png,attribute value,3984,2405402
https://mavenlink-file-assets-production.s3.amazonaws.com/attachments/final/2019-12-10/12671385/5fa60d_default,attribute value,3984,1903930
https://mavenlink-file-assets-production.s3.amazonaws.com/attachments/final/2019-12-10/12672155/2453d0_default,attribute value,3984,1903937
https://mavenlink-file-assets-production.s3.amazonaws.com/attachments/final/2019-12-10/12672165/1e4ba5_default,attribute value,3984,1903943
https://mavenlink-file-assets-production.s3.amazonaws.com/attachments/final/2019-12-10/12672175/699c44_default,attribute value,3984,1903948
https://mavenlink-file-assets-production.s3.amazonaws.com/attachments/final/2019-12-10/12672185/10b1ee_default,attribute value,3984,1903953
https://mavenlink-file-assets-production.s3.amazonaws.com/attachments/final/2019-12-10/12672195/56b2f7_default,attribute value,3984,1903957
https://mavenlink-file-assets-production.s3.amazonaws.com/attachments/final/2019-12-10/12672205/824b9b_default,attribute value,3984,1903961
https://mavenlink-file-assets-production.s3.amazonaws.com/attachments/final/2019-12-10/12672215/5c35de_default,attribute value,3984,1903965
https://mavenlink-file-assets-production.s3.amazonaws.com/attachments/final/2019-12-10/12672225/b04d0_default,attribute value,3984,1903969
https://mavenlink-file-assets-production.s3.amazonaws.com/attachments/final/2019-12-10/12672235/5b8c4a_default,attribute value,3984,1903973
https://mavenlink-file-assets-production.s3.amazonaws.com/attachments/final/2019-12-10/12672245/641d74_default,attribute value,3984,1903977
https://mavenlink-file-assets-production.s3.amazonaws.com/attachments/final/2019-12-10/12672255/27f871_default,attribute value,3984,1903981
https://mavenlink-file-assets-production.s3.amazonaws.com/attachments/final/2022-12-28/18643444/81c5e6_default,attribute value,3984,2172956
Analyst,attribute value,3988,1903949
Client Demo,attribute value,3988,2172954
Consultant,attribute value,3988,1957843
Developer,attribute value,3988,1903944
NA,attribute value,3988,1
Project Manager,attribute value,3988,1903935
Solution Architect,attribute value,3988,1903938
,attribute value,3988,1
1101815,attribute value,3988,1903935
1101825,attribute value,3988,1903938
1101835,attribute value,3988,1903944
1101845,attribute value,3988,1903949
1193515,attribute value,3988,1957843
1585112,attribute value,3988,2172954
,attribute value,3991,1
6581615,attribute value,3991,1903931
,attribute value,3993,1
administrator,attribute value,3993,1903932
collaborator,attribute value,3993,1903939
project_lead,attribute value,3993,2400829
punch_clock,attribute value,3993,2025426
reports_viewer,attribute value,3993,2025423
action,attribute value,3997,2230299
anything,attribute value,3997,2511734
billing,attribute value,3997,2372557
client,attribute value,3997,1969661
client action,attribute value,3997,2424287
decision,attribute value,3997,2121709
expense,attribute value,3997,2372561
internal,attribute value,3997,2424284
issue,attribute value,3997,1903913
Production,attribute value,3997,2024865
Revenue,attribute value,3997,2635016
risk,attribute value,3997,2126383
training,attribute value,3997,2491992
completed,attribute value,4001,18835
Completed,attribute value,4001,1902603
in progress,attribute value,4001,1903841
needs info,attribute value,4001,1903837
not started,attribute value,4001,18839
Not Started,attribute value,4001,1905513
resolved,attribute value,4001,1903842
started,attribute value,4001,18872
Started,attribute value,4001,2150691
,attribute value,4006,1
,attribute value,4006,1
,attribute value,4009,1
Jenn Johnson,attribute value,4009,1903937
Sam Parker,attribute value,4009,1903930
,attribute value,4009,1
12671385,attribute value,4009,1903930
12672155,attribute value,4009,1903937
,attribute value,4012,1
paid,attribute value,4012,10102
unpaid,attribute value,4012,10108
,attribute value,4014,1
NET 30,attribute value,4014,1954678
,attribute value,4020,1
false,attribute value,4020,8931
true,attribute value,4020,8912
,attribute value,4024,1
true,attribute value,4024,8912
745645,attribute value,4026,1905515
NA,attribute value,4026,8911
6581615,attribute value,4028,1903931
NA,attribute value,4028,8911
,attribute value,4030,1
false,attribute value,4030,8931
true,attribute value,4030,8912
Jenn Johnson,attribute value,4034,1903940
NA,attribute value,4034,8911
Sam Parker,attribute value,4034,1903933
12671385,attribute value,4034,1903933
12672155,attribute value,4034,1903940
NA,attribute value,4034,8911
,attribute value,4037,1
NA,attribute value,4037,8911
,attribute value,4037,1
NA,attribute value,4037,8911
blue,attribute value,4040,642300
green,attribute value,4040,642316
grey,attribute value,4040,642626
NA,attribute value,4040,8911
Active,attribute value,4042,1949857
Cancelled,attribute value,4042,1968326
Completed,attribute value,4042,1902603
Estimate,attribute value,4042,642730
In Planning,attribute value,4042,2497233
NA,attribute value,4042,8911
Not Started,attribute value,4042,1905513
Proposed,attribute value,4042,1949850
12671385,attribute value,4044,1903930
12672155,attribute value,4044,1903937
12672165,attribute value,4044,1903943
12672175,attribute value,4044,1903948
12672185,attribute value,4044,1903953
12672195,attribute value,4044,1903957
12672205,attribute value,4044,1903961
12672215,attribute value,4044,1903965
12672225,attribute value,4044,1903969
12672235,attribute value,4044,1903973
12672245,attribute value,4044,1903977
12672255,attribute value,4044,1903981
18387805,attribute value,4044,2121754
18589755,attribute value,4044,2133281
18624618,attribute value,4044,2145997
18643444,attribute value,4044,2172956
18722264,attribute value,4044,2273901
18774025,attribute value,4044,2327981
18869907,attribute value,4044,2405402
true,attribute value,4047,8912
blue,attribute value,4051,642300
green,attribute value,4051,642316
grey,attribute value,4051,642626
yellow,attribute value,4051,642665
blue,attribute value,4053,642300
green,attribute value,4053,642316
grey,attribute value,4053,642626
yellow,attribute value,4053,642665
Active,attribute value,4055,1949857
Closed,attribute value,4055,2417260
Completed,attribute value,4055,1902603
Contingent,attribute value,4055,2401287
Estimate,attribute value,4055,642730
Green,attribute value,4055,1969151
In Development,attribute value,4055,2325809
In Planning,attribute value,4055,2497233
In Progress,attribute value,4055,2022993
Not Started,attribute value,4055,1905513
On Track,attribute value,4055,2401286
Proposed,attribute value,4055,1949850
Ready for Testing,attribute value,4055,2401285
Active,attribute value,4057,1949857
Cancelled,attribute value,4057,1968326
Closed,attribute value,4057,2417260
Completed,attribute value,4057,1902603
Contingent,attribute value,4057,2401287
Estimate,attribute value,4057,642730
Green,attribute value,4057,1969151
In Development,attribute value,4057,2325809
In Planning,attribute value,4057,2497233
In Progress,attribute value,4057,2022993
On Track,attribute value,4057,2401286
Proposed,attribute value,4057,1949850
Ready for Testing,attribute value,4057,2401285
Analyst,attribute value,4061,1903949
Client Demo,attribute value,4061,2172954
Consultant,attribute value,4061,1957843
Developer,attribute value,4061,1903944
Project Manager,attribute value,4061,1903935
Software Engineer,attribute value,4061,1957844
Solution Architect,attribute value,4061,1903938
1101815,attribute value,4061,1903935
1101825,attribute value,4061,1903938
1101835,attribute value,4061,1903944
1101845,attribute value,4061,1903949
1193505,attribute value,4061,1957844
1193515,attribute value,4061,1957843
1585112,attribute value,4061,2172954
false,attribute value,4066,8931
true,attribute value,4066,8912
false,attribute value,4070,8931
true,attribute value,4070,8912
true,attribute value,4072,8912
false,attribute value,4078,8931
true,attribute value,4078,8912
6581615,attribute value,4080,1903931
consultant,attribute value,4082,1905521
Another,attribute value,4086,2603863
Anything,attribute value,4086,2603860
Invoice,attribute value,4086,2432841
2491853469,attribute value,4086,2432841
2544810763,attribute value,4086,2603860
2544810764,attribute value,4086,2603863
USD,attribute value,4088,3
$,attribute value,4090,1905557
deliverable,attribute value,4104,18836
issue,attribute value,4104,1903913
milestone,attribute value,4104,18863
NA,attribute value,4104,8911
task,attribute value,4104,18865
completed,attribute value,4106,18835
NA,attribute value,4106,8911
new,attribute value,4106,1903840
not started,attribute value,4106,18839
resolved,attribute value,4106,1903842
started,attribute value,4106,18872
,attribute value,4108,1
false,attribute value,4108,8931
true,attribute value,4108,8912
,attribute value,4110,1
false,attribute value,4110,8931
true,attribute value,4110,8912
,attribute value,4112,1
false,attribute value,4112,8931
true,attribute value,4112,8912
,attribute value,4114,1
false,attribute value,4114,8931
true,attribute value,4114,8912
,attribute value,4116,1
false,attribute value,4116,8931
true,attribute value,4116,8912
1432487395,attribute value,4121,1967981
2423507057,attribute value,4121,2346711
2494336735,attribute value,4121,2434702
2494336842,attribute value,4121,2434705
2504915587,attribute value,4121,2504747
2504915606,attribute value,4121,2504749
2546551805,attribute value,4121,2604668
2551733634,attribute value,4121,2610305
2568756115,attribute value,4121,2622482
2568756191,attribute value,4121,2622485
2568756370,attribute value,4121,2622488
2568756450,attribute value,4121,2622491
2571566885,attribute value,4121,2626649
2577323745,attribute value,4121,2634104
2578799053,attribute value,4121,2635276
2578799647,attribute value,4121,2635278
2579944870,attribute value,4121,2637673
Compute,attribute value,4123,2622489
Entertainment,attribute value,4123,2504748
Food,attribute value,4123,1967980
Mileage,attribute value,4123,2622486
test,attribute value,4123,2025787
Travel,attribute value,4123,2434704
false,attribute value,4125,8931
true,attribute value,4125,8912
,attribute value,4127,1
147197615,attribute value,4127,1967979
293831735,attribute value,4127,2622483
false,attribute value,4129,8931
true,attribute value,4129,8912
true,attribute value,4131,8912
false,attribute value,11853,8931
false,attribute value,11855,8931
false,attribute value,11857,8931
true,attribute value,11857,8912
2689375,attribute value,18431,1949860
3639634,attribute value,18431,2170740
3646710,attribute value,18431,2192637
3658542,attribute value,18431,2225941
3658544,attribute value,18431,2225951
3813040,attribute value,18431,2393936
3896960,attribute value,18431,2456548
3897072,attribute value,18431,2463845
4013583,attribute value,18431,2633903
4013598,attribute value,18431,2633904
NA,attribute value,18431,8911
12671385,attribute value,18433,1903930
12672155,attribute value,18433,1903937
12672165,attribute value,18433,1903943
12672175,attribute value,18433,1903948
12672185,attribute value,18433,1903953
12672195,attribute value,18433,1903957
12672205,attribute value,18433,1903961
12672215,attribute value,18433,1903965
12672225,attribute value,18433,1903969
12672235,attribute value,18433,1903973
12672245,attribute value,18433,1903977
12672255,attribute value,18433,1903981
18387805,attribute value,18433,2121754
18589755,attribute value,18433,2133281
18624618,attribute value,18433,2145997
18643444,attribute value,18433,2172956
18722264,attribute value,18433,2273901
18774025,attribute value,18433,2327981
18869907,attribute value,18433,2405402
NA,attribute value,18433,8911
Community,attribute value,20189,2225941
Game of Thrones,attribute value,20189,2225951
How I Met Your Mother,attribute value,20189,2393936
Implementation,attribute value,20189,1949860
Parks and Recreation,attribute value,20189,2170740
SEPS Internal,attribute value,20189,2456548
Songs of the 80s,attribute value,20189,2463845
The Office,attribute value,20189,2192637
2689375,attribute value,20189,1949860
3639634,attribute value,20189,2170740
3646710,attribute value,20189,2192637
3658542,attribute value,20189,2225941
3658544,attribute value,20189,2225951
3813040,attribute value,20189,2393936
3896960,attribute value,20189,2456548
3897072,attribute value,20189,2463845
false,attribute value,20192,8931
true,attribute value,20192,8912
12671385,attribute value,20265,1903930
12672155,attribute value,20265,1903937
12672165,attribute value,20265,1903943
12672175,attribute value,20265,1903948
12672185,attribute value,20265,1903953
12672195,attribute value,20265,1903957
12672205,attribute value,20265,1903961
12672215,attribute value,20265,1903965
12672225,attribute value,20265,1903969
12672235,attribute value,20265,1903973
12672245,attribute value,20265,1903977
12672255,attribute value,20265,1903981
18643444,attribute value,20265,2172956
,attribute value,62377,1
Meeting,attribute value,62377,2341194
Non-billable productive,attribute value,62377,2634225
project health updates,attribute value,62377,2516831
,attribute value,62379,1
Airline tickets,attribute value,62379,2622487
aSDFG,attribute value,62379,2346712
Dinner with client,attribute value,62379,2622484
Flight + Hotel,attribute value,62379,2635277
lunch with project team,attribute value,62379,1967982
resold macbooks,attribute value,62379,2635279
Server Admin,attribute value,62379,2622492
Server Storage,attribute value,62379,2622490
approved,attribute value,66222,1903835
pending,attribute value,66222,1903834
unsubmitted,attribute value,66222,1903836
,attribute value,66224,1
Auto-approved,attribute value,66224,1980851
,attribute value,66226,1
normal,attribute value,66226,1903910
,attribute value,66228,1
145 Scheduled Hours per year,attribute value,66228,2543656
165 Scheduled Hours per year,attribute value,66228,2543658
26 Scheduled Hours per year,attribute value,66228,2543655
78.5 Scheduled Hours per year,attribute value,66228,2543657
Use for tracking time to the engagement,attribute value,66228,1954669
,attribute value,66233,1
,attribute value,66235,1
,attribute value,66237,1
approved,attribute value,66239,1903835
unsubmitted,attribute value,66239,1903836
,attribute value,66241,1
,attribute value,66305,1
Jenn Johnson,attribute value,66305,1903940
Sam Parker,attribute value,66305,1903933
Tom Fordy,attribute value,66305,1903945
,attribute value,66404,1
false,attribute value,66404,8931
true,attribute value,66404,8912
,attribute value,66406,1
false,attribute value,66406,8931
true,attribute value,66406,8912
,attribute value,66414,1
Jenn Johnson,attribute value,66414,1903940
Sam Parker,attribute value,66414,1903933
,attribute value,66416,1
12671385,attribute value,66416,1903930
12672155,attribute value,66416,1903937
12672165,attribute value,66416,1903943
12672175,attribute value,66416,1903948
12672185,attribute value,66416,1903953
12672195,attribute value,66416,1903957
12672205,attribute value,66416,1903961
12672215,attribute value,66416,1903965
12672225,attribute value,66416,1903969
12672235,attribute value,66416,1903973
12672245,attribute value,66416,1903977
12672255,attribute value,66416,1903981
18387805,attribute value,66416,2121754
18589755,attribute value,66416,2133281
18624618,attribute value,66416,2145997
18643444,attribute value,66416,2172956
18722264,attribute value,66416,2273901
18774025,attribute value,66416,2327981
18869907,attribute value,66416,2405402
,attribute value,66418,1
Ashley Angle,attribute value,66418,1903982
Benny Batts,attribute value,66418,1903950
Client Demo | Hope,attribute value,66418,2424152
Client Demo 1,attribute value,66418,2332745
Client Demo 3,attribute value,66418,2332743
Client Demo 4,attribute value,66418,2332741
Client Demo 5,attribute value,66418,2332742
Grace Reed,attribute value,66418,1903974
Gus Cumberlander,attribute value,66418,1903958
Jenn Johnson,attribute value,66418,1903940
Katie Taylor,attribute value,66418,1903954
Kenny Lotton,attribute value,66418,2145884
Lane Cabrera,attribute value,66418,2243110
Meredith Bolton,attribute value,66418,1903970
Sam Parker,attribute value,66418,1903933
Sarah Sharpe,attribute value,66418,1903962
Test,attribute value,66418,1949446
Thomas Woodwind,attribute value,66418,1903978
Tom Fordy,attribute value,66418,1903945
,attribute value,66420,1
109216829,attribute value,67834,2502071
109349172,attribute value,67834,2526036
110500660,attribute value,67834,2620318
110500661,attribute value,67834,2620319
110500662,attribute value,67834,2620320
110500663,attribute value,67834,2620321
110500664,attribute value,67834,2620322
110500665,attribute value,67834,2620323
110500666,attribute value,67834,2620324
110500667,attribute value,67834,2620325
110500668,attribute value,67834,2620326
110500669,attribute value,67834,2620327
110500670,attribute value,67834,2620328
,attribute value,67836,1
1,attribute value,67836,1944788
5,attribute value,67836,1982991
1,attribute value,67838,1944788
5,attribute value,67838,1982991
Agile Development,attribute value,67840,2501743
Kantata,attribute value,67840,2526035
PMP,attribute value,67840,2501740
Certification,attribute value,67842,2501741
Skill,attribute value,67842,2501744
Jenn Johnson,attribute value,67844,1903940
,attribute value,67848,1
Sam Parker,attribute value,67848,1903933
,attribute value,67850,1
Jenn Johnson,attribute value,67850,1903940
Sam Parker,attribute value,67850,1903933
5117301,attribute value,67852,2501739
5117302,attribute value,67852,2501742
5121739,attribute value,67852,2526033
,attribute value,67854,1
User knows how to use Kantata,attribute value,67854,2526034
1,attribute value,67856,1944788
5,attribute value,67856,1982991
Agile Development,attribute value,67858,2501743
Kantata,attribute value,67858,2526035
PMP,attribute value,67858,2501740
Certification,attribute value,67860,2501741
Skill,attribute value,67860,2501744
,attribute value,68328,1
Billable,attribute value,68328,1903833
Non-Billable,attribute value,68328,1903905
,attribute value,68330,1
Fixed Fee,attribute value,68330,1903922
Time and Material,attribute value,68330,1903911
Account Rate Card,attribute value,68332,1905516
NA,attribute value,68332,8911
Advanced Idea Mechanics,attribute value,68334,1961320
AMD,attribute value,68334,1952904
Clients,attribute value,68334,1905517
Daily Bugle,attribute value,68334,1961314
Dragonfly Inn,attribute value,68334,2192614
Dunder Mifflin,attribute value,68334,2192604
Game of Thrones,attribute value,68334,2225919
Greendale Community College,attribute value,68334,2225910
Intel,attribute value,68334,1952900
Internal,attribute value,68334,2117265
Lukes Diner,attribute value,68334,2192609
McLaren's,attribute value,68334,2393874
NA,attribute value,68334,8911
Parker Industries,attribute value,68334,1961317
Pawnee Government,attribute value,68334,2170711
Rose Bud Inn,attribute value,68334,2192619
Songs of the 80s!,attribute value,68334,2463822
Stark Industries,attribute value,68334,1961311
Stars Hollow,attribute value,68334,2270971
false,attribute value,70776,8931
,attribute value,71362,1
Ahellquist+ashley@mavenlink.com,attribute value,71362,1944719
Ahellquist+benny@mavenlink.com,attribute value,71362,1944711
Ahellquist+grace@mavenlink.com,attribute value,71362,1944717
Ahellquist+gus@mavenlink.com,attribute value,71362,1944713
Ahellquist+jenn@mavenlink.com,attribute value,71362,1944709
Ahellquist+kenny@mavenlink.com,attribute value,71362,1944715
Ahellquist+meredith@mavenlink.com,attribute value,71362,1944716
Ahellquist+sarah@mavenlink.com,attribute value,71362,1944714
ahellquist+southend@mavenlink.com,attribute value,71362,1903934
Ahellquist+thomas@mavenlink.com,attribute value,71362,1944718
hope.prusha+demo@kantata.com,attribute value,71362,2424154
hope.prusha+southend@kantata.com,attribute value,71362,2604538
josh.wallace+demo@kantata.com,attribute value,71362,2604539
joshua.wallace+demo3@kantata.com,attribute value,71362,2332744
joshua.wallace+southendkatie@kantata.com,attribute value,71362,2400835
joshua.wallace+southendlane@kantata.com,attribute value,71362,2400830
joshua.wallace+southendtom@kantata.com,attribute value,71362,2400834
jwallace+demo3@mavenlink.com,attribute value,71362,2121756
jwallace+demo4@mavenlink.com,attribute value,71362,2133283
,attribute value,71364,1
Client Demo,attribute value,71364,2339673
Consultant I,attribute value,71364,2173005
Consultant II,attribute value,71364,2181135
Developer I,attribute value,71364,1903980
Developer II,attribute value,71364,1903964
Developer III,attribute value,71364,1903947
Project Manager I,attribute value,71364,1903972
Project Manager II,attribute value,71364,1903956
Project Manager III,attribute value,71364,1903936
Quality Analyst I,attribute value,71364,1944720
Quality Analyst II,attribute value,71364,1903968
Quality Analyst III,attribute value,71364,1903952
Solution Architect I,attribute value,71364,1903976
Solution Architect II,attribute value,71364,1903960
,attribute value,71366,1
,attribute value,71368,1
,attribute value,71370,1
,attribute value,71372,1
,attribute value,71374,1
,attribute value,71376,1
true,attribute value,71376,8912
,attribute value,71731,1
NA,attribute value,71731,8911
,attribute value,71731,1
,attribute value,71731,8911
,attribute value,71734,8911
Scenario 1,attribute value,71734,1949444
Scenario 1,attribute value,71734,2024637
Scenario 1,attribute value,71734,2025785
Scenario 1,attribute value,71734,2027554
Scenario 2,attribute value,71734,2024641
Scenario 3,attribute value,71734,2024642
268485,attribute value,71734,1949444
428475,attribute value,71734,2024637
428485,attribute value,71734,2024641
428495,attribute value,71734,2024642
443515,attribute value,71734,2025785
477015,attribute value,71734,2027554
NA,attribute value,71734,8911
,attribute value,71734,8911
Organic Growing | Green Thumb Industries-Scenario 1,attribute value,71734,2024637
Organic Growing | Green Thumb Industries-Scenario 2,attribute value,71734,2024641
Organic Growing | Green Thumb Industries-Scenario 3,attribute value,71734,2024642
Test 123-Scenario 1,attribute value,71734,2027554
test-Scenario 1,attribute value,71734,2025785
Test-Scenario 1,attribute value,71734,1949444
,attribute value,71738,1
Scenario 1,attribute value,71738,1944754
Scenario 2,attribute value,71738,1944767
Scenario 3,attribute value,71738,1944773
,attribute value,71740,1
179185,attribute value,71740,1949445
292015,attribute value,71740,2024638
302905,attribute value,71740,2025786
326585,attribute value,71740,2027555
,attribute value,71742,1
Organic Growing | Green Thumb Industries,attribute value,71742,2024639
test,attribute value,71742,2025787
Test,attribute value,71742,1949446
Test 123,attribute value,71742,2027556
,attribute value,71744,1
,attribute value,71746,1
No,attribute value,71746,2024640
Yes,attribute value,71746,1944738
,attribute value,71748,1
USD,attribute value,71748,3
,attribute value,71750,1
,attribute value,71750,1
,attribute value,71753,1
false,attribute value,71753,8931
,attribute value,71760,1
Analyst,attribute value,71762,2530892
Client Demo,attribute value,71762,2339673
Consultant,attribute value,71762,1961341
Developer,attribute value,71762,1905558
NA,attribute value,71762,8911
Project Manager,attribute value,71762,1905560
Software Engineer,attribute value,71762,1961342
Solution Architect,attribute value,71762,1905561
Hard,attribute value,71766,1903908
Soft,attribute value,71766,1903909
Unstaffed Demand,attribute value,71766,1903923
Budget,attribute value,72021,1903915
Client,attribute value,72021,1903916
Overall,attribute value,72021,1903921
Schedule,attribute value,72021,1903917
Scope,attribute value,72021,1903919
green,attribute value,72023,642316
red,attribute value,72023,643135
yellow,attribute value,72023,642665
,attribute value,73793,1
VEndor 1,attribute value,73793,2604669
false,attribute value,73795,8931
true,attribute value,73795,8912
Ashley Angle,attribute value,73826,1903982
Benny Batts,attribute value,73826,1903950
Client Demo | Hope,attribute value,73826,2424152
Client Demo 1,attribute value,73826,2332745
Grace Reed,attribute value,73826,1903974
Gus Cumberlander,attribute value,73826,1903958
Jenn Johnson,attribute value,73826,1903940
Katie Taylor,attribute value,73826,1903954
Kenny Lotton,attribute value,73826,2145884
Lane Cabrera,attribute value,73826,2243110
Meredith Bolton,attribute value,73826,1903970
Sam Parker,attribute value,73826,1903933
Sarah Sharpe,attribute value,73826,1903962
Test,attribute value,73826,1949446
Thomas Woodwind,attribute value,73826,1903978
Tom Fordy,attribute value,73826,1903945
Admin,attribute value,75243,2495784
Implementation,attribute value,75243,2027607
Managed Services,attribute value,75243,2500817
NA,attribute value,75243,8911
Pre-Sales,attribute value,75243,2628858
Technology,attribute value,75243,2495783
NA,attribute value,75274,8911
NA,attribute value,75274,8911
,attribute value,75277,1
,attribute value,75279,1
,attribute value,79451,1
Account Rate Card,attribute value,79451,1905516
,attribute value,79453,1
Jenn Johnson,attribute value,79453,1903940
Sam Parker,attribute value,79453,1903933
,attribute value,79455,1
,attribute value,79457,1
Named,attribute value,79457,1905559
Unnamed,attribute value,79457,1946356
,attribute value,79476,1
Another,attribute value,80542,2603864
Anything,attribute value,80542,2603862
Invoice,attribute value,80542,2432843
,attribute value,80560,1
NA,attribute value,80608,8911
NA,attribute value,80611,8911
False,attribute value,80723,1903925
True,attribute value,80723,1903924
No,attribute value,80723,1903925
Yes,attribute value,80723,1903924
Option A,attribute value,80723,1903924
Option B,attribute value,80723,1903925
Off,attribute value,80723,1903925
On,attribute value,80723,1903924
Allocated,attribute value,80723,1903924
Scheduled,attribute value,80723,1903925
Option A,attribute value,80729,1903926
Option B,attribute value,80729,1903927
Option C,attribute value,80729,1903928
Option D,attribute value,80729,1903929
Option 1,attribute value,80729,1903926
Option 2,attribute value,80729,1903927
Option 3,attribute value,80729,1903928
Option 4,attribute value,80729,1903929
Cost,attribute value,80729,1903926
Fees,attribute value,80729,1903927
Hours,attribute value,80729,1903928
Margin,attribute value,80729,1903929
Actual,attribute value,80729,1903926
Allocated,attribute value,80729,1903927
Estimated,attribute value,80729,1903928
Scheduled,attribute value,80729,1903929
False,attribute value,80732,1903925
True,attribute value,80732,1903924
No,attribute value,80732,1903925
Yes,attribute value,80732,1903924
Option A,attribute value,80732,1903924
Option B,attribute value,80732,1903925
Off,attribute value,80732,1903925
On,attribute value,80732,1903924
Allocated,attribute value,80732,1903924
Scheduled,attribute value,80732,1903925
Time Entry,attribute value,80750,1944794
,attribute value,82162,1
Apple,attribute value,82162,1928804
Boeing,attribute value,82162,1928805
Tesla,attribute value,82162,1928803
,attribute value,82164,1
,attribute value,101866,1
ExchangeRate,attribute value,101866,2026258
,attribute value,101868,1
EUR,attribute value,101868,1968525
,attribute value,121262,1
Implementation,attribute value,121262,2027607
,attribute value,186734,1
,attribute value,186736,1
,attribute value,607447,1
,attribute value,607449,1
Australia,attribute value,607449,2119450
Boston,attribute value,607449,1982335
Irvine,attribute value,607449,1982336
London,attribute value,607449,2119452
Salt Lake City,attribute value,607449,2119451
Default Exchange Table,attribute value,936255,1982986
2671243,attribute value,936257,2150693
2671244,attribute value,936257,2154337
2671245,attribute value,936257,2157976
2671246,attribute value,936257,2161630
845195,attribute value,936257,1982987
845205,attribute value,936257,1986634
845215,attribute value,936257,1990289
845225,attribute value,936257,1993943
845235,attribute value,936257,1997598
845245,attribute value,936257,2001253
845255,attribute value,936257,2004907
845265,attribute value,936257,2008558
845275,attribute value,936257,2012212
CAD,attribute value,936259,1968519
EUR,attribute value,936259,1968525
GBP,attribute value,936259,1968528
USD,attribute value,936259,3
CAD,attribute value,936261,1968519
EUR,attribute value,936261,1968525
GBP,attribute value,936261,1968528
USD,attribute value,936261,3
true,attribute value,936263,8912
,attribute value,1812377,1
,attribute value,1812379,1
,attribute value,1812381,1
,attribute value,1812383,1
,attribute value,1812385,1
,attribute value,1812387,1
,attribute value,1896659,1
,attribute value,2010458,1
BD12344,attribute value,2010458,1974706
BD12345,attribute value,2010458,1974707
,attribute value,2332984,1
cfleming@mavenlink.com,attribute value,2332984,1975342
,attribute value,2335382,1
BOM,attribute value,2335382,2612928
Description,attribute value,2335382,2028077
Developer,attribute value,2335382,1905558
MM,attribute value,2335382,2612930
Project Manager,attribute value,2335382,1905560
Quality Analyst,attribute value,2335382,1903984
Solution Architect,attribute value,2335382,1905561
,attribute value,2335384,1
,attribute value,2335386,1
21,attribute value,2335386,1983007
22,attribute value,2335386,1983008
Notes,attribute value,2335386,2028078
,attribute value,2335388,1
,attribute value,2335390,1
,attribute value,2335392,1
Forecasting,attribute value,2335392,2022386
Recognition,attribute value,2335392,2022384
,attribute value,3426450,1
On Completion,attribute value,3426450,2022387
Percent Complete,attribute value,3426450,2022385
Time & Materials,attribute value,3426450,2022383
Allocated Cost,attribute value,3482464,1982932
Allocated Hours,attribute value,3482464,1982933
Scheduled Cost,attribute value,3482464,1982934
Scheduled Hours,attribute value,3482464,1982935
,attribute value,3523084,1
Estimated Revenue,attribute value,3578138,2016039
Recognized Revenue,attribute value,3578138,2016040
Allocated Fees,attribute value,3689567,2021376
Project Budget Spread,attribute value,3689567,2021377
Scheduled Fees,attribute value,3689567,2021378
NA,attribute value,6102313,8911
NA,attribute value,6102316,8911
,attribute value,6851955,1
Internal,attribute value,6851955,2117265
,attribute value,6898634,1
Australia,attribute value,6898634,2119450
Boston,attribute value,6898634,1982335
Irvine,attribute value,6898634,1982336
London,attribute value,6898634,2119452
Salt Lake City,attribute value,6898634,2119451
,attribute value,7720181,1
Implementation,attribute value,7720181,2027607
Integration,attribute value,7720181,2129333
Reporting,attribute value,7720181,2129334
Training,attribute value,7720181,2129332
,attribute value,8018358,8911
Community,attribute value,8018358,2225941
Game of Thrones,attribute value,8018358,2225951
Implementation,attribute value,8018358,1949860
SEPS Internal,attribute value,8018358,2456548
The Office,attribute value,8018358,2192637
2689375,attribute value,8018358,1949860
3646710,attribute value,8018358,2192637
3658542,attribute value,8018358,2225941
3658544,attribute value,8018358,2225951
3896960,attribute value,8018358,2456548
NA,attribute value,8018358,8911
,attribute value,9296617,1
,attribute value,9296619,1
Development,attribute value,9296619,1905505
PMO,attribute value,9296619,2179743
,attribute value,10435404,1
posted,attribute value,10435404,2180912
NA,attribute value,10435449,8911
USD,attribute value,10435449,3
,attribute value,10452622,1
,attribute value,10471042,1
12671385,attribute value,10471042,1903930
12672155,attribute value,10471042,1903937
12672165,attribute value,10471042,1903943
,attribute value,10590139,1
Active,attribute value,10590139,1949857
Inactive,attribute value,10590139,2326327
,attribute value,10590141,1
Estimate,attribute value,10590141,642730
Project,attribute value,10590141,2326328
,attribute value,10624398,1
Leith,attribute value,10624398,2341791
US Comms,attribute value,10624398,2341790
,attribute value,10624400,1
PO 26032021,attribute value,10624400,2341793
PO 73019867,attribute value,10624400,2341792
,attribute value,10624402,1
Leith,attribute value,10624402,2341791
US Comms,attribute value,10624402,2341790
,attribute value,10666113,1
true,attribute value,10666113,8912
12671385,attribute value,10678762,1903930
12672155,attribute value,10678762,1903937
12672165,attribute value,10678762,1903943
12672175,attribute value,10678762,1903948
12672185,attribute value,10678762,1903953
12672195,attribute value,10678762,1903957
12672205,attribute value,10678762,1903961
12672215,attribute value,10678762,1903965
12672225,attribute value,10678762,1903969
12672235,attribute value,10678762,1903973
12672245,attribute value,10678762,1903977
12672255,attribute value,10678762,1903981
18589755,attribute value,10678762,2133281
18643444,attribute value,10678762,2172956
18722264,attribute value,10678762,2273901
18774025,attribute value,10678762,2327981
18869907,attribute value,10678762,2405402
12671385,attribute value,10689277,1903930
12672155,attribute value,10689277,1903937
12672165,attribute value,10689277,1903943
12672175,attribute value,10689277,1903948
12672185,attribute value,10689277,1903953
12672195,attribute value,10689277,1903957
12672205,attribute value,10689277,1903961
12672215,attribute value,10689277,1903965
12672225,attribute value,10689277,1903969
12672235,attribute value,10689277,1903973
12672245,attribute value,10689277,1903977
12672255,attribute value,10689277,1903981
18387805,attribute value,10689277,2121754
18589755,attribute value,10689277,2133281
18624618,attribute value,10689277,2145997
18643444,attribute value,10689277,2172956
18722264,attribute value,10689277,2273901
18774025,attribute value,10689277,2327981
18869907,attribute value,10689277,2405402
,attribute value,10690006,1
Task,attribute value,10690006,2370962
To Do,attribute value,10690006,2417258
L1,attribute value,10708427,2400377
L2,attribute value,10708427,2400380
L3,attribute value,10708427,2400832
Client Demo | Hope,attribute value,10708429,2424152
Client Demo 1,attribute value,10708429,2332745
Client Demo 3,attribute value,10708429,2332743
Client Demo 4,attribute value,10708429,2332741
Client Demo 5,attribute value,10708429,2332742
Jenn Johnson,attribute value,10708429,1903940
Sam Parker,attribute value,10708429,1903933
Test,attribute value,10708429,1949446
12671385,attribute value,10708429,1903933
12672155,attribute value,10708429,1903940
18387805,attribute value,10708429,2332742
18589755,attribute value,10708429,2332741
18624618,attribute value,10708429,2332743
18722264,attribute value,10708429,2332745
18774025,attribute value,10708429,2424152
18869907,attribute value,10708429,1949446
,attribute value,10708432,1
Ashley Angle,attribute value,10708432,1903982
Benny Batts,attribute value,10708432,1903950
Grace Reed,attribute value,10708432,1903974
Gus Cumberlander,attribute value,10708432,1903958
Katie Taylor,attribute value,10708432,1903954
Kenny Lotton,attribute value,10708432,2145884
Lane Cabrera,attribute value,10708432,2243110
Meredith Bolton,attribute value,10708432,1903970
Tom Fordy,attribute value,10708432,1903945
,attribute value,10708432,1
12672165,attribute value,10708432,1903945
12672175,attribute value,10708432,1903950
12672185,attribute value,10708432,1903954
12672195,attribute value,10708432,1903958
12672215,attribute value,10708432,2145884
12672225,attribute value,10708432,1903970
12672235,attribute value,10708432,1903974
12672255,attribute value,10708432,1903982
18643444,attribute value,10708432,2243110
,attribute value,10708435,1
Sarah Sharpe,attribute value,10708435,1903962
Thomas Woodwind,attribute value,10708435,1903978
,attribute value,10708435,1
12672205,attribute value,10708435,1903962
12672245,attribute value,10708435,1903978
,attribute value,10708438,1
,attribute value,10708438,1
,attribute value,10708441,1
,attribute value,10708441,1
,attribute value,10708444,1
,attribute value,10708444,1
,attribute value,10708447,1
,attribute value,10708447,1
,attribute value,10708450,1
,attribute value,10708450,1
,attribute value,10708453,1
,attribute value,10708453,1
,attribute value,10708456,1
,attribute value,10708456,1
,attribute value,10777895,1
Yes,attribute value,10777895,1944738
,attribute value,10793247,1
1,attribute value,10793247,1944788
2,attribute value,10793247,1982988
approved,attribute value,10812420,1903835
new,attribute value,10812420,1903840
,attribute value,10812422,1
Jenn Johnson,attribute value,10812422,1903937
Sam Parker,attribute value,10812422,1903930
,attribute value,10812422,1
12671385,attribute value,10812422,1903930
12672155,attribute value,10812422,1903937
Hard,attribute value,10812427,1903908
Soft,attribute value,10812427,1903909
Unstaffed Demand,attribute value,10812427,1903923
,attribute value,10812429,1
Jenn Johnson,attribute value,10828939,1903937
Sam Parker,attribute value,10828939,1903930
12671385,attribute value,10828939,1903930
12672155,attribute value,10828939,1903937
,attribute value,10828944,1
false,attribute value,10828946,8931
true,attribute value,10828946,8912
Completed,attribute value,10833678,1902603
Not Started,attribute value,10833678,1905513
Resolved,attribute value,10833678,2503217
Started,attribute value,10833678,2150691
,attribute value,10833682,1
deliverable,attribute value,10833684,18836
issue,attribute value,10833684,1903913
milestone,attribute value,10833684,18863
task,attribute value,10833684,18865
false,attribute value,10833686,8931
true,attribute value,10833686,8912
normal,attribute value,10833688,1903910
false,attribute value,10833690,8931
0,attribute value,10833692,2434605
100,attribute value,10833692,1983084
33,attribute value,10833692,1983018
50,attribute value,10833692,1983034
,attribute value,10884394,1
SKU 1,attribute value,10884394,2505396
Completed,attribute value,10890741,1902603
NA,attribute value,10890741,8911
New,attribute value,10890741,2503218
Not Started,attribute value,10890741,1905513
Resolved,attribute value,10890741,2503217
Started,attribute value,10890741,2150691
Active,attribute value,10890743,1949857
Completed,attribute value,10890743,1902603
Estimate,attribute value,10890743,642730
Proposed,attribute value,10890743,1949850
,attribute value,10890745,1
blue,attribute value,10890745,642300
green,attribute value,10890745,642316
grey,attribute value,10890745,642626
Contractors,attribute value,11024733,1984726
Contrctor Oct 2024,attribute value,11024733,1983379
Custom MacBook,attribute value,11024733,1984447
expense,attribute value,11024733,1984571
fffff,attribute value,11024733,1984411
Nov 2024 Billable Expenses,attribute value,11024733,1983784
Nov 2024 Internal Expenses,attribute value,11024733,1983787
Oct 2024 Billable Expenses,attribute value,11024733,1983785
Oct 2024 Internal Expenses,attribute value,11024733,1983786
On Site,attribute value,11024733,1984003
Test,attribute value,11024733,1984017
Travel,attribute value,11024733,1983200
Travel,attribute value,11024733,1984446
Tshirts,attribute value,11024733,1983201
1024,attribute value,11024733,1984003
1038,attribute value,11024733,1984017
1432,attribute value,11024733,1984411
1467,attribute value,11024733,1984446
1468,attribute value,11024733,1984447
1592,attribute value,11024733,1984571
1747,attribute value,11024733,1984726
217,attribute value,11024733,1983200
218,attribute value,11024733,1983201
396,attribute value,11024733,1983379
802,attribute value,11024733,1983784
803,attribute value,11024733,1983785
804,attribute value,11024733,1983786
805,attribute value,11024733,1983787
,attribute value,11024736,1
All Contractors,attribute value,11024736,2616006
Onsite Travel,attribute value,11024736,2610306
test,attribute value,11024736,2025787
false,attribute value,11024738,8931
true,attribute value,11024738,8912
true,attribute value,11024740,8912
false,attribute value,11024742,8931
true,attribute value,11024742,8912
Flat Rate,attribute value,11024744,2610307
Percentage,attribute value,11024744,2610308
Jenn Johnson,attribute value,11024746,1903937
Sam Parker,attribute value,11024746,1903930
12671385,attribute value,11024746,1903930
12672155,attribute value,11024746,1903937
,attribute value,11049336,1
Risk,attribute value,11049336,2126382
